new,old,,,,,,,,,,,,,,,,,,,,,,
Wynton Marsalis_Little Drummer Boy,1nuARD57FN1khBVDD2cwfr,,,,,,,,,,,,,,,,,,,,,,
Splice_Ballade Fortuite,02exDIZhJAr3HVCJA6GQ9b,,,,,,,,,,,,,,,,,,,,,,
Noumena_Unlit 1999,3FameFfygF82GvUVg17vl1,,,,,,,,,,,,,,,,,,,,,,
INDIGØ CØNCEPT_Diamant Noir,3mjhXOzl1QsZe33kM55vs1,,,,,,,,,,,,,,,,,,,,,,
"Johann David Heinichen_Concerto for Flute & Oboe in G Minor (Seibel 238, Hwv I:22): II. Largo",3oFdBrcUvsu8htPtYQv9HX,,,,,,,,,,,,,,,,,,,,,,
Hologram_Room 586,6HZOm96BrRPPR4hI1iOFPE,,,,,,,,,,,,,,,,,,,,,,
Absence Betrayal_Black Sabbath,6K9F7oe6GG0QglMdOV6qWW,,,,,,,,,,,,,,,,,,,,,,
Nobukazu Takemura_Ligne à Haute Tension,6NOFfGn6dGuCUBMx82Ljwl,,,,,,,,,,,,,,,,,,,,,,
Death_Crystal Mountain - Live,6VjnxCIFLvw6KaCcAdqere,,,,,,,,,,,,,,,,,,,,,,
Niyaz_In the Shadow of Life,78fN0bsdaccyeq9VNzrtKN,,,,,,,,,,,,,,,,,,,,,,
Nothing for Now_Worlds End,0IuvnlrPc5MXxFPe704OdT,,,,,,,,,,,,,,,,,,,,,,
"Bobby ""Blue' Blands_I've Got To Have Your Love Tonight",1Je7A048pPzceoY1zyoRP3,,,,,,,,,,,,,,,,,,,,,,
"Gaetano Donizetti_Donizetti: L'elisir d'amore: Ei corregge ogni difetto... - Dulcamara, Tutti - Act Two",3izyUSqhJwX8Um3D3UWxhf,,,,,,,,,,,,,,,,,,,,,,
"Surface_I Missed - 12"" Version",3nHCUaQ2ntVHNiBpPA52D2,,,,,,,,,,,,,,,,,,,,,,
J.D. Simo_Off at 11,4KTvVjP2kSl5JRCbmRBYwd,,,,,,,,,,,,,,,,,,,,,,
Jes Raymond_One Man Band,4RbIwkabjsxKNc8097AkQZ,,,,,,,,,,,,,,,,,,,,,,
John Parry_Sonata No. 2: Siciliana,4smDtD6WqzdNxsC2djGX5Q,,,,,,,,,,,,,,,,,,,,,,
Flesh Parade_Bite And Get In It,4YUGoNXCrfgBk3R3jW7loZ,,,,,,,,,,,,,,,,,,,,,,
TLC_Intro-Iude,6j6goScT36PsgAswwGTLb8,,,,,,,,,,,,,,,,,,,,,,
Kane Smego_Prime,7e9NxdS0zxnxH2n0Efsz3B,,,,,,,,,,,,,,,,,,,,,,
Marla Fibish & Bruce Victor_The Bohemian Dreams (Les Reves Continuent),1jGpMhkiuBtY3UugXegnmZ,,,,,,,,,,,,,,,,,,,,,,
Koan_Teree and Karu,1zLbtDzP9qA61CGqINALyB,,,,,,,,,,,,,,,,,,,,,,
José Alfredo Jimenez_No Niegues Que Me Quisiste,3BhXoXpLIRpIma6KfXkV6b,,,,,,,,,,,,,,,,,,,,,,
______,4X4wj3xwN33h9XPiEgzaC0,,,,,,,,,,,,,,,,,,,,,,
Sentridoh/Lou Barlow_Broken II,4x9V1mzHSbDWomHQA6trpO,,,,,,,,,,,,,,,,,,,,,,
Well of Night_Apex and Eschaton,5eURCyvDjabYIl7Gq9azj8,,,,,,,,,,,,,,,,,,,,,,
Mattia Turzo_Stay True Kid,6wCMN7PvenTubBhUj1C4Ch,,,,,,,,,,,,,,,,,,,,,,
Three Fall_Stein,6WM8ExD403TjIGrF9Mq0sp,,,,,,,,,,,,,,,,,,,,,,
Annette Hanshaw_Just Another Day Wasted Away,52PRseyW45WxQ9sAfs1H4t,,,,,,,,,,,,,,,,,,,,,,
Town and Country_King of Portugal,665xO9tSsD2tez6MQ9RzmC,,,,,,,,,,,,,,,,,,,,,,
Red Dirt Rangers_Arizona State Line,2dxaFF40Lh6ta05WwtDl3G,,,,,,,,,,,,,,,,,,,,,,
"Blood, Sweat & Tears_He's a Runner",2qumlARQIcz72ujCGICaxU,,,,,,,,,,,,,,,,,,,,,,
"Rebecca Kilgore,Harry Allen,Rossano Sportiello,Joel Forbes,Chuck Riggs_Your Mother's Son-In-Law",3Cp5URUprrOLDNgiPeeAjs,,,,,,,,,,,,,,,,,,,,,,
Sam Pomerantz_Shoot My Shot,3YjXxAwO2aAjaUhm6aUcgX,,,,,,,,,,,,,,,,,,,,,,
Marc Filmer_English Meadows,4azefagKq8tsDTsds1Vn7o,,,,,,,,,,,,,,,,,,,,,,
Bishmanrock_Echoes of Another Dimension,7nwFCxsqxb3yyKhEOpMLTk,,,,,,,,,,,,,,,,,,,,,,
Heart_Wheels,7pKJAmAqlhrStrVNSFjQ5f,,,,,,,,,,,,,,,,,,,,,,
Mr. Morbid & Melph_Ted Bundy,7xBaTmcSD7aokeS0V2giRP,,,,,,,,,,,,,,,,,,,,,,
The Burned_Where Are We Now,43NqlynVf0CwmITFbwQMgD,,,,,,,,,,,,,,,,,,,,,,
"Leonard Bernstein_Mass (Excerpts): Pax. Communion ""Secret Songs""",47asxFG1cgfrRcUvGa8avC,,,,,,,,,,,,,,,,,,,,,,
Keb' Mo'_Love Blues,0JxiAYkzbyY5teGv68V3UH,,,,,,,,,,,,,,,,,,,,,,
Rebecca Wright & Donald McKay_Baking Bread,2ichDeA95UMuNhhhJSJIgx,,,,,,,,,,,,,,,,,,,,,,
"Edward Elgar_5 Military Marches, Op. 39, ""Pomp and Circumstance"": Military March No. 1 in D Major, Op. 39, ""Pomp and Circumstance""",2lOBImqlA64EqqSR5vyllG,,,,,,,,,,,,,,,,,,,,,,
Cypress Hill_The Phuncky Feel One,2NnqzqGQTis8uVPOub1k7k,,,,,,,,,,,,,,,,,,,,,,
Zakk Wylde_White Christmas,3Bi9eDVtTpuSjowuv8FJAG,,,,,,,,,,,,,,,,,,,,,,
George Templeton Strong_Au pays de peux-rouges: III. Une jeune Indienne,4S8KIdvOI1diiEdQeTxALL,,,,,,,,,,,,,,,,,,,,,,
Susan House_White Christmas,7deu7rBbjk2MXvgDjGlQKa,,,,,,,,,,,,,,,,,,,,,,
La Oreja de Van Gogh_Irreversible,31STnapSRxa1qkaVTD3hhU,,,,,,,,,,,,,,,,,,,,,,
"Ludwig van Beethoven_Sonata No. 1, in F minor, Op. 2 No. 1:",33Oe1BHAMCfmO1bkSmFTCS,,,,,,,,,,,,,,,,,,,,,,
Checha y Su India Maya_Mix de Merengues: Rabiosa / Panamericano - En Vivo,79eDNXnSCFlvQ1XtbwQBAV,,,,,,,,,,,,,,,,,,,,,,